<?xml version="1.0" encoding="UTF-8"?>
<project-private xmlns="http://www.netbeans.org/ns/project-private/1">
    <editor-bookmarks xmlns="http://www.netbeans.org/ns/editor-bookmarks/2" lastBookmarkId="0"/>
    <open-files xmlns="http://www.netbeans.org/ns/projectui-open-files/2">
        <group>
            <file>file:/D:/2017115595/1/stateful/web/delete.jsp</file>
            <file>file:/D:/2017115595/1/stateful/web/password.html</file>
            <file>file:/D:/2017115595/1/stateful/web/change.html</file>
            <file>file:/D:/2017115595/1/stateful/web/fruit1.html</file>
            <file>file:/D:/2017115595/1/stateful/web/leafy.html</file>
            <file>file:/D:/2017115595/1/stateful/web/herb.html</file>
            <file>file:/D:/2017115595/1/stateful/web/herb1.html</file>
            <file>file:/D:/2017115595/1/stateful/web/operation.jsp</file>
            <file>file:/D:/2017115595/1/stateful/web/1.html</file>
            <file>file:/D:/2017115595/1/stateful/web/login.jsp</file>
            <file>file:/D:/2017115595/1/stateful/web/operationprocess.jsp</file>
            <file>file:/D:/2017115595/1/stateful/web/fruit.html</file>
            <file>file:/D:/2017115595/1/stateful/web/1.css</file>
            <file>file:/D:/2017115595/1/stateful/web/leafy1.html</file>
            <file>file:/D:/2017115595/1/stateful/web/reg-process.jsp</file>
            <file>file:/D:/2017115595/1/stateful/web/retrieve.jsp</file>
            <file>file:/D:/2017115595/1/stateful/web/index.html</file>
            <file>file:/D:/2017115595/1/stateful/web/2.html</file>
            <file>file:/D:/2017115595/1/stateful/web/signup.html</file>
            <file>file:/D:/2017115595/1/stateful/web/retrieve.html</file>
            <file>file:/D:/2017115595/1/stateful/src/java/com/javatpoint/StoreRemote.java</file>
            <file>file:/D:/2017115595/1/stateful/src/java/com/javatpoint/Store.java</file>
            <file>file:/D:/2017115595/1/stateful/web/loginform.html</file>
            <file>file:/D:/2017115595/1/stateful/web/3.html</file>
            <file>file:/D:/2017115595/1/stateful/src/java/com/javatpoint/OpenAccount.java</file>
            <file>file:/D:/2017115595/1/stateful/web/crucifer.html</file>
            <file>file:/D:/2017115595/1/stateful/web/1.jsp</file>
            <file>file:/D:/2017115595/1/stateful/web/crucifer1.html</file>
        </group>
    </open-files>
</project-private>
